Workbook

Sheet StartHere
A1: VEHICLE DYNAMICS — TEAM WORKING FILE
A2: Pulls shared numbers from the MIST Blitz Master; do your team’s calculations here; push key results back.
A4: HOW TO USE THIS FILE
A5: 1. Put the Master workbook and this file in the team Google Drive. Open both with Google Sheets.
A6: 2. On the FromMaster tab, paste the Master’s share URL into cell B1, then follow the one-line instruction to go live (or just use the manual starter values).
A7: 3. Do your work on the Calculations tab — it already pulls the shared inputs and has starter formulas.
A8: 4. When you produce a result the rest of the team needs, put it on the ToMaster tab and update the Master’s hand-off sheet.
A9: GOOGLE SHEETS LIVE LINK (IMPORTRANGE)
A10: To pull a value live from the Master: in a cell type =IMPORTRANGE($FromMaster.$B$1, "Master!C8") — the exact Master cell is listed on the FromMaster tab. The first time, click the cell and press ‘Allow access’ (one-time, no add-on needed).
A11: Manual fallback: the FromMaster tab is pre-filled with the current values so your calculations work even before you link. Replace them with the live formula when ready.
A12: COLOUR LEGEND
A13: blue on yellow | B13: Typed INPUT — edit this.
A14: green | B14: LINK / pulled value — do not type over.
A15: black | B15: Computed by formula — do not type over.

Sheet FromMaster
A1: FROM MASTER — shared inputs
A2: Paste the Master URL in B1. Column B holds current values so your calcs work now; to go live put =IMPORTRANGE($B$1, D5) in B5 and drag down.
A3: Master URL: | B3: paste the Master Google Sheets share URL here
A5: Parameter | B5: Value (manual or live) | C5: Unit | D5: Master cell (for IMPORTRANGE)
A6: Total mass (with driver) | B6: 264 | C6: kg | D6: Master!C9
A7: Front mass fraction | B7: 0.45686706 | C7: - | D7: Master!C10
A8: CoG height | B8: 263.40909 | C8: mm | D8: Master!C11
A9: Wheelbase | B9: 1550 | C9: mm | D9: Master!C15
A10: Front track | B10: 1200 | C10: mm | D10: Master!C16
A11: Rear track | B11: 1180 | C11: mm | D11: Master!C17
A12: Peak lateral μ | B12: 1.5 | C12: - | D12: Master!C20
A13: Cornering stiffness | B13: 1100 | C13: N/deg | D13: Master!C21
A14: Motion ratio (wheel→spring) | B14: 0.7 | C14: - | D14: Master!C31

Sheet Setup
A1: VEHICLE DYNAMICS — SETUP
A2: Starter calculations. Blue cells are inputs; green pull from FromMaster; black are computed.
A4: Setup target | B4: Value | C4: Unit | D4: Note
A5: KINEMATIC TARGETS (Book Two / Three)
A6: Static camber front | B6: -2 | C6: deg | D6: more neg = more cornering grip, more straight-line wear
A7: Static camber rear | B7: -1 | C7: deg
A8: Dynamic camber at max roll | B8: -0.8 | C8: deg | D8: want tyre near upright at the limit
A9: Roll-centre height front | B9: 30 | C9: mm | D9: keep low & stable — detail on SuspensionGeom tab
A10: Roll-centre height rear | B10: 45 | C10: mm
A11: Bump steer | B11: ≈ 0 | C11: deg | D11: toe change through travel — minimise
A12: Caster | B12: 5 | C12: deg | D12: self-centring & dynamic camber
A13: Toe front | B13: 0 | C13: deg | D13: slight toe-out = turn-in; toe-in = stability
A14: Toe rear | B14: 0.1 | C14: deg
A16: PLATFORM (from Master)
A17: Front track | B17: =FromMaster!B10 -> 1200 | C17: mm
A18: Rear track | B18: =FromMaster!B11 -> 1180 | C18: mm
A19: Wheelbase | B19: =FromMaster!B9 -> 1550 | C19: mm
A20: Peak lateral μ | B20: =FromMaster!B12 -> 1.5 | C20: -
A21: → brake torque/bias on the Brakes tab · springs on SpringsDampers · geometry on SuspensionGeom · member loads on SuspensionLoads · steering on Steering.

Sheet Brakes
A1: VEHICLE DYNAMICS — BRAKE SYSTEM CALCULATOR
A2: Pedal → master cylinder → caliper → rotor. Yellow = inputs (your hardware). Black = computed clamp force and wheel torque. Compare the achieved front bias with the Olley optimum below.
A4: Parameter | B4: Front | C4: Rear | D4: Unit
A5: DRIVER & MASTER CYLINDER
A6: Pedal force (one hard push) | B6: 400 | C6: 400 | D6: N
A7: Pedal ratio | B7: 5 | C7: 5 | D7: -
A8: Master-cylinder bore | B8: 15.875 | C8: 15.875 | D8: mm
A9: Circuits fed by this MC (1 or 2) | B9: 2 | C9: 2 | D9: -
A10: Pushrod force = pedal × ratio | B10: =B6*B7 -> 2000 | C10: =C6*C7 -> 2000 | D10: N
A11: MC area = π·d²/4 | B11: =PI()*(B8/1000)^2/4 -> 0.00019793261 | C11: =PI()*(C8/1000)^2/4 -> 0.00019793261 | D11: m²
A12: Line pressure = force /(area×circuits) | B12: =B10/(B11*B9) -> 5052224.6 | C12: =C10/(C11*C9) -> 5052224.6 | D12: Pa
A13: Line pressure | B13: =B12/1000 -> 5052.2246 | C13: =C12/1000 -> 5052.2246 | D13: kPa
A14: CALIPER & ROTOR
A15: Caliper piston bore | B15: 25 | C15: 25 | D15: mm
A16: Pistons per side (clamping) | B16: 2 | C16: 1 | D16: -
A17: Pad friction coefficient | B17: 0.45 | C17: 0.45 | D17: -
A18: Rotor outer diameter | B18: 180 | C18: 180 | D18: mm
A19: Pad radial depth | B19: 27 | C19: 27 | D19: mm
A20: Caliper piston area (one) | B20: =PI()*(B15/1000)^2/4 -> 0.00049087385 | C20: =PI()*(C15/1000)^2/4 -> 0.00049087385 | D20: m²
A21: Clamp force = P × area × pistons | B21: =B12*B20*B16 -> 4960.0099 | C21: =C12*C20*C16 -> 2480.005 | D21: N
A22: Friction force = clamp × 2 pads × μ | B22: =B21*2*B17 -> 4464.0089 | C22: =C21*2*C17 -> 2232.0045 | D22: N
A23: Effective radius = ⅔·(Ro³−Ri³)/(Ro²−Ri²) | B23: =(2/3)*(((B18/2)^3-((B18/2)-B19)^3)/((B18/2)^2-((B18/2)-B19)^2))/1000 -> 0.077294118 | C23: =(2/3)*(((C18/2)^3-((C18/2)-C19)^3)/((C18/2)^2-((C18/2)-C19)^2))/1000 -> 0.077294118 | D23: m
A24: Brake torque PER WHEEL | B24: =B22*B23 -> 345.04163 | C24: =C22*C23 -> 172.52082 | D24: N·m
A25: Achieved front brake bias | B25: =B24/(B24+C24) -> 0.66666667 | D25: front
A27: OLLEY OPTIMUM BIAS & DECELERATION SWEEP (uses Master mass/geometry)
A28: Static front mass fraction (from Master) | B28: =FromMaster!B7 -> 0.45686706 | D28: -
A29: CoG height (from Master) | B29: =FromMaster!B8 -> 263.40909 | D29: mm
A30: Wheelbase (from Master) | B30: =FromMaster!B9 -> 1550 | D30: mm
A31: Tyre–road μ (from Master) | B31: =FromMaster!B12 -> 1.5 | D31: -
A32: Olley optimum front bias = ff + μ·h/L | B32: =B28+B31*(B29/B30) -> 0.71177908 | D32: aim achieved ≈ this
A34: Decel (g) | B34: Dynamic front fraction | C34: Optimum front bias | D34: Note
A35: 0.4 | B35: =B28+A35*(B29/B30) -> 0.5248436 | C35: =B28+A35*(B29/B30) -> 0.5248436 | D35: front share needed to lock evenly
A36: 0.6 | B36: =B28+A36*(B29/B30) -> 0.55883187 | C36: =B28+A36*(B29/B30) -> 0.55883187 | D36: front share needed to lock evenly
A37: 0.8 | B37: =B28+A37*(B29/B30) -> 0.59282014 | C37: =B28+A37*(B29/B30) -> 0.59282014 | D37: front share needed to lock evenly
A38: 1 | B38: =B28+A38*(B29/B30) -> 0.62680841 | C38: =B28+A38*(B29/B30) -> 0.62680841 | D38: front share needed to lock evenly
A39: 1.2 | B39: =B28+A39*(B29/B30) -> 0.66079668 | C39: =B28+A39*(B29/B30) -> 0.66079668 | D39: front share needed to lock evenly
A40: 1.4 | B40: =B28+A40*(B29/B30) -> 0.69478495 | C40: =B28+A40*(B29/B30) -> 0.69478495 | D40: front share needed to lock evenly

Sheet SuspensionGeom
A1: VEHICLE DYNAMICS — SUSPENSION GEOMETRY & HARDPOINTS
A2: Front-view geometry (roll centre, scrub, VSAL, trail) plus the hardpoint coordinate table you freeze at Gate G3. Units mm / deg. Fill yellow; black computes.
A4: Desired parameter | B4: Value | C4: Unit | D4: Note
A5: Roll-centre height from ground | B5: 50 | C5: mm
A6: Virtual swing-arm length (VSAL) | B6: 3000 | C6: mm
A7: Scrub radius | B7: 20 | C7: mm
A8: Kingpin inclination (KPI) | B8: 6 | C8: deg
A9: Caster angle | B9: 5 | C9: deg
A10: Mechanical trail | B10: 25 | C10: mm
A11: Lower outer ball-joint height | B11: 135 | C11: mm
A12: Upper outer ball-joint height | B12: 365 | C12: mm
A13: Lower arm length | B13: 493 | C13: mm
A14: Upper arm length | B14: 360 | C14: mm
A15: Caster (rad, for geometry) | B15: =RADIANS(90-B9) -> 1.4835299 | C15: rad
A16: KPI (rad, for geometry) | B16: =RADIANS(B8) -> 0.10471976 | C16: rad
A17: RC height / total mass check | B17: =B5 -> 50 | C17: mm | D17: keep low & stable in roll
A19: HARDPOINT COORDINATES — ONE CORNER (freeze at G3)
A20: Hardpoint | B20: x (mm) | C20: y (mm) | D20: z (mm)
A21: Lower arm front pivot
A22: Lower arm rear pivot
A23: Lower outer ball joint
A24: Upper arm front pivot
A25: Upper arm rear pivot
A26: Upper outer ball joint
A27: Tie-rod inner
A28: Tie-rod outer
A29: Pushrod inner
A30: Pushrod outer
A31: Bell-crank pivot
A32: Damper inboard
... A35: Contact patch

Sheet SpringsDampers
A1: VEHICLE DYNAMICS — SPRING & DAMPER SIZING
A2: Ride-frequency method. Target a frequency, pull sprung corner mass, get wheel rate → spring rate through the motion ratio. Then size travel and damping.
A4: Parameter | B4: Front | C4: Rear | D4: Unit
A5: Total mass (from Master) | B5: =FromMaster!B6 -> 264 | D5: kg
A6: Front mass fraction (from Master) | B6: =FromMaster!B7 -> 0.45686706 | D6: -
A7: Motion ratio (wheel→spring) | B7: 0.7 | C7: 0.7 | D7: -
A8: Unsprung mass per corner | B8: 12 | C8: 12 | D8: kg
A9: Target ride frequency | B9: 2.8 | C9: 3 | D9: Hz
A10: Sprung corner mass | B10: =B5*B6/2-B8 -> 48.306452 | C10: =B5*(1-B6)/2-C8 -> 59.693548 | D10: kg
A11: Wheel rate = (2πf)²·m | B11: =(2*PI()*B9)^2*B10/1000 -> 14.951368 | C11: =(2*PI()*C9)^2*C10/1000 -> 21.209461 | D11: N/mm
A12: Spring rate = wheel rate / MR² | B12: =B11/B7^2 -> 30.512996 | C12: =C11/C7^2 -> 43.284615 | D12: N/mm
A13: Chosen spring rate (nearest available) | D13: N/mm
A14: Re-check ride frequency with chosen | B14: =IFERROR(SQRT(B13*B7^2/B10*1000)/(2*PI()),"") -> 0 | C14: =IFERROR(SQRT(C13*C7^2/C10*1000)/(2*PI()),"") -> 0 | D14: Hz
A16: TRAVEL & DAMPING
A17: Target wheel travel (bump) | B17: 30 | C17: 25 | D17: mm
A18: Target wheel travel (droop) | B18: 25 | C18: 25 | D18: mm
A19: Spring travel (wheel travel × MR) | B19: =(B17+B18)*B7 -> 38.5 | C19: =(C17+C18)*C7 -> 35 | D19: mm
A20: Target damping ratio | B20: 0.65 | C20: 0.65 | D20: -
A21: Critical damping = 2√(k·m) | B21: =2*SQRT(B11*1000*B10) -> 1699.703 | C21: =2*SQRT(C11*1000*C10) -> 2250.3938 | D21: N·s/m
A22: Damper rate at the wheel = ζ·Cc | B22: =B20*B21 -> 1104.8069 | C22: =C20*C21 -> 1462.7559 | D22: N·s/m

Sheet SuspensionLoads
A1: VEHICLE DYNAMICS — WISHBONE & PUSHROD LOAD CASES
A2: Vertical, braking and cornering load cases → pushrod and wishbone member loads for tube sizing / FEA. Plus anti-dive / anti-squat. Yellow = inputs; black computes.
A4: Parameter | B4: Front | C4: Rear | D4: Unit
A5: Total mass (from Master) | B5: =FromMaster!B6 -> 264 | D5: kg
A6: Front mass fraction (from Master) | B6: =FromMaster!B7 -> 0.45686706 | D6: -
A7: Dynamic magnification factor (vertical) | B7: 3 | C7: 3 | D7: -
A8: Aero downforce per axle | B8: 50 | C8: 50 | D8: N
A9: Static corner vertical load | B9: =B5*9.81*B6/2 -> 591.60629 | C9: =B5*9.81*(1-B6)/2 -> 703.31371 | D9: N
A10: Max vertical load case = static·DMF + DF | B10: =B9*B7+B8 -> 1824.8189 | C10: =C9*C7+C8 -> 2159.9411 | D10: N
A11: Pushrod angle to horizontal | B11: 45 | C11: 45 | D11: deg
A12: Pushrod force = vertical / sin(θ) | B12: =B10/SIN(RADIANS(B11)) -> 2580.6836 | C12: =C10/SIN(RADIANS(C11)) -> 3054.618 | D12: N
A14: ANTI-DIVE / ANTI-SQUAT
A15: Side-view swing-arm angle θ (to ground) | B15: 8 | C15: 6 | D15: deg
A16: Brake bias / drive share on this axle | B16: 0.65 | C16: 1 | D16: -
A17: Wheelbase (from Master) | B17: =FromMaster!B9 -> 1550 | D17: mm
A18: CoG height (from Master) | B18: =FromMaster!B8 -> 263.40909 | D18: mm
A19: % anti-dive (front) / anti-squat (rear) | B19: =B16*TAN(RADIANS(B15))*B17/B18 -> 0.53754747 | C19: =C16*TAN(RADIANS(C15))*B17/B18 -> 0.61847358 | D19: %

Sheet Steering
A1: VEHICLE DYNAMICS — STEERING (ACKERMANN + RACK & PINION)
A2: Ackermann and rack travel at the top; rack-and-pinion gear geometry table below (teeth/module → pitch, PCD, addendum, dedendum, tooth thickness). Yellow = inputs.
A4: Parameter | B4: Value | C4: Unit | D4: Note
A5: Wheelbase (from Master) | B5: =FromMaster!B9 -> 1550 | C5: mm
A6: Front track (from Master) | B6: =FromMaster!B10 -> 1200 | C6: mm
A7: Kingpin-to-kingpin distance | B7: 1100 | C7: mm
A8: Steering-arm length | B8: 90 | C8: mm
A9: Target turning radius | B9: 3.5 | C9: m
A10: Ackermann ideance: δin−δout | B10: =DEGREES(ATAN(B5/(B9*1000-B6/2))-ATAN(B5/(B9*1000+B6/2))) -> 7.4146978 | C10: deg | D10: ideal inner−outer steer split
A11: Rack travel (lock-to-lock) | B11: 120 | C11: mm
A12: Steering-wheel turns (lock-to-lock) | B12: 1.5 | C12: -
A14: RACK & PINION GEAR GEOMETRY
A15: Teeth / module | B15: Value | C15: Unit | D15: Formula
A16: Pinion pitch diameter | B16: 50 | C16: mm
A17: Number of teeth | B17: 18 | C17: -
A18: Module m = d / N | B18: =B16/B17 -> 2.7777778 | C18: mm
A19: Circular pitch = π·m | B19: =PI()*B18 -> 8.7266463 | C19: mm
A20: Base circle dia = PCD·cos20° | B20: =B16*COS(RADIANS(20)) -> 46.984631 | C20: mm
A21: Addendum = 0.8·m | B21: =0.8*B18 -> 2.2222222 | C21: mm
A22: Dedendum = 1.0·m | B22: =1*B18 -> 2.7777778 | C22: mm
A23: Tooth thickness = 1.5708·m | B23: =1.5708*B18 -> 4.3633333 | C23: mm
A24: Rack travel per pinion rev = π·d | B24: =PI()*B16 -> 157.07963 | C24: mm/rev

Sheet ToMaster
A1: TO MASTER — what you give back
A2: Fill your results, then copy them into the named cells on the Master’s hand-off sheet (or the team owner does).
A4: Your result | B4: Value | C4: Unit | D4: Where it goes on the Master
A5: Measured roll gradient | C5: deg/g | D5: Master → Validation tab
A6: Measured understeer gradient | C6: deg/g | D6: Master → Validation tab
A7: Front/rear brake torque target | C7: N·m | D7: Master → Brakes hand-off tab
A8: Achieved brake bias (front) | C8: - | D8: Master → Brakes hand-off tab
A9: Spring rate front/rear | C9: N/mm | D9: Master → Springs tab
